{
  "points_px": [
    [
      733,
      647
    ],
    [
      1123,
      632
    ],
    [
      124,
      900
    ],
    [
      1844,
      900
    ]
  ],
  "frame_size": [
    1920,
    1080
  ],
  "M": [
    [
      -0.0012780537266057035,
      -0.0030764218162168885,
      2.9272582966943075
    ],
    [
      -0.00016336899910906599,
      0.0029852625178280055,
      -3.641628065837693
    ],
    [
      -8.168449955453299e-05,
      -0.001641606555440271,
      1.0
    ]
  ],
  "M_inv": [
    [
      693.125274562093,
      400.4209106489874,
      -570.7726842427654
    ],
    [
      -106.72587632264887,
      240.6118264334461,
      1188.63298704995
    ],
    [
      -0.11858430702516559,
      0.4276981332871347,
      1.0
    ]
  ],
  "params": {
    "LANE_WIDTH_M": 3.5,
    "NEAR_Z_M": 2.0,
    "FAR_Z_M": 15.0
  }
}